{"cameraMode":{"drawMode":0,"name":"Shaded","section":"Shading Mode"},"sceneLighting":true,"audioPlay":false,"sceneViewState":{"showFog":true,"showMaterialUpdate":false,"showSkybox":true,"showFlares":true,"showImageEffects":true,"showParticleSystems":true},"in2DMode":false,"pivot":{"x":1.201326608657837,"y":1.9812405109405518,"z":0.7763216495513916},"rotation":{"x":-0.06943654268980026,"y":0.8781681060791016,"z":-0.13434655964374543,"w":-0.45385438203811648},"size":1.134135365486145,"orthographic":false}