{"cameraMode":{"drawMode":0,"name":"Shaded","section":"Shading Mode"},"sceneLighting":true,"audioPlay":false,"sceneViewState":{"showFog":true,"showMaterialUpdate":false,"showSkybox":true,"showFlares":true,"showImageEffects":true,"showParticleSystems":true},"in2DMode":false,"pivot":{"x":1.048545241355896,"y":0.2177741825580597,"z":5.254961967468262},"rotation":{"x":0.016465947031974794,"y":-0.9804009795188904,"z":0.1726461499929428,"w":0.09352552145719528},"size":0.8395840525627136,"orthographic":false}