{"cameraMode":{"drawMode":0,"name":"Shaded","section":"Shading Mode"},"sceneLighting":false,"audioPlay":false,"sceneViewState":{"showFog":true,"showMaterialUpdate":false,"showSkybox":false,"showFlares":true,"showImageEffects":true,"showParticleSystems":true},"in2DMode":false,"pivot":{"x":-3.725290298461914e-9,"y":-3.725290298461914e-9,"z":0.03155997395515442},"rotation":{"x":0.09689566493034363,"y":0.5719335079193115,"z":-0.06827230006456375,"w":0.8117109537124634},"size":1.129410982131958,"orthographic":false}